[
{
  "model": "contenttypes.contenttype",
  "fields": {
    "app_label": "admin",
    "model": "logentry"
  }
},
{
  "model": "contenttypes.contenttype",
  "fields": {
    "app_label": "auth",
    "model": "permission"
  }
},
{
  "model": "contenttypes.contenttype",
  "fields": {
    "app_label": "auth",
    "model": "group"
  }
},
{
  "model": "contenttypes.contenttype",
  "fields": {
    "app_label": "auth",
    "model": "user"
  }
},
{
  "model": "contenttypes.contenttype",
  "fields": {
    "app_label": "contenttypes",
    "model": "contenttype"
  }
},
{
  "model": "contenttypes.contenttype",
  "fields": {
    "app_label": "sessions",
    "model": "session"
  }
},
{
  "model": "contenttypes.contenttype",
  "fields": {
    "app_label": "styles",
    "model": "category"
  }
},
{
  "model": "contenttypes.contenttype",
  "fields": {
    "app_label": "styles",
    "model": "product"
  }
},
{
  "model": "contenttypes.contenttype",
  "fields": {
    "app_label": "styles",
    "model": "productimage"
  }
},
{
  "model": "contenttypes.contenttype",
  "fields": {
    "app_label": "styles",
    "model": "order"
  }
},
{
  "model": "contenttypes.contenttype",
  "fields": {
    "app_label": "styles",
    "model": "blogpost"
  }
},
{
  "model": "contenttypes.contenttype",
  "fields": {
    "app_label": "styles",
    "model": "testimonial"
  }
},
{
  "model": "contenttypes.contenttype",
  "fields": {
    "app_label": "styles",
    "model": "productreview"
  }
},
{
  "model": "contenttypes.contenttype",
  "fields": {
    "app_label": "jet",
    "model": "bookmark"
  }
},
{
  "model": "contenttypes.contenttype",
  "fields": {
    "app_label": "jet",
    "model": "pinnedapplication"
  }
},
{
  "model": "contenttypes.contenttype",
  "fields": {
    "app_label": "recommandation",
    "model": "produit"
  }
},
{
  "model": "contenttypes.contenttype",
  "fields": {
    "app_label": "recommandation",
    "model": "recommandation"
  }
},
{
  "model": "contenttypes.contenttype",
  "fields": {
    "app_label": "recommandation",
    "model": "utilisatrice"
  }
},
{
  "model": "sessions.session",
  "pk": "62eqwhit7wdruldx8s6eipjbhts7ex5l",
  "fields": {
    "session_data": ".eJxVjMsOwiAQRf-FtSHSAaZ16b7fQBiGkaqBpI-V8d-1SRe6veec-1IhbmsJ25LnMLG6KKNOvxvF9Mh1B3yP9dZ0anWdJ9K7og-66LFxfl4P9--gxKV860RsmcCKFeM6Gpz1IughGeQkPYNkoMGL88hiOge-Bz4j9oiAjki9P_xkN_Q:1uZrDb:9cYnsIKW4Z4bs4oCv3Zaov6hW9Wxo2_nMUP5k38z9ik",
    "expire_date": "2025-07-24T13:21:43.292Z"
  }
},
{
  "model": "styles.category",
  "pk": 1,
  "fields": {
    "name": "cosmetique",
    "slug": "cosmetique"
  }
},
{
  "model": "styles.category",
  "pk": 2,
  "fields": {
    "name": "capillaires",
    "slug": "capillaires"
  }
},
{
  "model": "styles.product",
  "pk": 1,
  "fields": {
    "name": "jojo love",
    "description": "produit capillaire pour les cheveux",
    "price": "15000.00",
    "stock": 10,
    "is_active": true,
    "is_featured": true,
    "category": 2,
    "created_at": "2025-07-10T13:24:14.252Z"
  }
},
{
  "model": "styles.product",
  "pk": 2,
  "fields": {
    "name": "DIWEI |Huile de repousse des cheveux au romarin",
    "description": "DIWEI – sérum essentiel pour la croissance des cheveux, prévention de la chute des cheveux, réparation, lissage du cuir chevelu, renforcement, épaississement\r\n\r\nCaractéristiques du produit :\r\nIngrédient : Vegan, Huile de noix de coco, Huile d'arbre de thé, Huile de rose, Huile de romarin\r\nDispositif :  Empêchement la Perte des cheveux, Réparation des cheveux, Lissage, Hydratant, Huile de croissance des cheveux\r\nType de cheveux : Cheveux secs, Cheveux crépus, Cheveux gras, Tous les, Bouclé, Cheveux bouclés, Cheveux abîmés, ENDOMMAGÉ, Épais\r\nMatériel\r\nHuile de romarin",
    "price": "5000.00",
    "stock": 50,
    "is_active": true,
    "is_featured": true,
    "category": 2,
    "created_at": "2025-07-11T08:49:54.113Z"
  }
},
{
  "model": "styles.product",
  "pk": 3,
  "fields": {
    "name": "Huile essentielle anti-chute",
    "description": "Huile essentielle anti-chute de cheveux bio pour hommes Huile capillaire végétale pour repousse naturelle avec soin du cuir chevelu Massage Huile de croissance capillaire bio\r\nType de cheveux : Cheveux secs, Tous les",
    "price": "1500.00",
    "stock": 80,
    "is_active": true,
    "is_featured": true,
    "category": 2,
    "created_at": "2025-07-11T09:07:04.653Z"
  }
},
{
  "model": "styles.product",
  "pk": 4,
  "fields": {
    "name": "OEM ODM SADOER",
    "description": "OEM ODM SADOER série noix de coco soins de la peau du corps soins capillaires contrôle de l'huile lisse hydratant cheveux hydratant peau cheveux revitalisant\r\n\r\nType de cheveux : Cheveux Colorés, Cheveux bouclés, ...\r\n\r\nApplication : Pour un usage domestique\r\n\r\nIngrédient : Huile de noix de coco\r\nUniquement pour les femmes",
    "price": "10000.00",
    "stock": 50,
    "is_active": true,
    "is_featured": true,
    "category": 2,
    "created_at": "2025-07-11T09:24:04.328Z"
  }
},
{
  "model": "styles.product",
  "pk": 5,
  "fields": {
    "name": "Kératine",
    "description": "Masque capillaire à l'ingrédient principal du collagène et de la kératine, prix de gros d'usine, marque privée italienne, réparation professionnelle, soins capillaires lissants\r\n\r\nType de cheveux : Tous types de cheveux\r\n\r\nType : Crème",
    "price": "5000.00",
    "stock": 30,
    "is_active": true,
    "is_featured": true,
    "category": 2,
    "created_at": "2025-07-11T09:49:13.562Z"
  }
},
{
  "model": "styles.product",
  "pk": 6,
  "fields": {
    "name": "Ensemble de soins capillaires au collagène",
    "description": "collagène cheveux revitalisant protéine cheveux shampooing sérum traitement pour réparer les cheveux\r\n\r\nEmpêche la perte des cheveux, hydrate, lissage, ...\r\n\r\nRéparation en profondeur/Nourrissant",
    "price": "15000.00",
    "stock": 50,
    "is_active": true,
    "is_featured": true,
    "category": 2,
    "created_at": "2025-07-11T11:29:23.204Z"
  }
},
{
  "model": "styles.product",
  "pk": 7,
  "fields": {
    "name": "hair mayonnaise",
    "description": "Maïsline capillaire 1000g avec huile d'olive et protéine d'œuf pour cheveux faibles et abîmés\r\n\r\nCaractéristique : Cheveux Mayonnaise\r\n\r\nFonction : Conditionné et hydratant",
    "price": "13000.00",
    "stock": 50,
    "is_active": true,
    "is_featured": true,
    "category": 2,
    "created_at": "2025-07-11T11:45:24.912Z"
  }
},
{
  "model": "styles.product",
  "pk": 8,
  "fields": {
    "name": "Olive oil",
    "description": "Produits coiffants unisexes biologiques du fabricant, tresse à tenue forte, mousse brillante, revitalisant nourrissant à l'huile d'olive pour tous les âges\r\n\r\nDispositif : Organique, Sans alcool, Sans Sulfate, Sans\r\n\r\nTenir force : Tenue forte, Tenue moyenne",
    "price": "8500.00",
    "stock": 20,
    "is_active": true,
    "is_featured": true,
    "category": 2,
    "created_at": "2025-07-11T11:52:29.913Z"
  }
},
{
  "model": "styles.product",
  "pk": 9,
  "fields": {
    "name": "Karseell Shampooing",
    "description": "Karseell – shampoing pour la croissance des cheveux, ensemble de soins capillaires de luxe, produits biologiques, sans sulfate, huile d'argan, masque et revitalisant à la kératine\r\n\r\nShampooing nourrissant pour les cheveux",
    "price": "12000.00",
    "stock": 30,
    "is_active": true,
    "is_featured": true,
    "category": 2,
    "created_at": "2025-07-11T12:20:11.185Z"
  }
},
{
  "model": "styles.product",
  "pk": 10,
  "fields": {
    "name": "SADOER Kit de soins de la peau",
    "description": "OEM SADOER marque privée nettoyant au collagène Kit de soins de la peau réparateur beauté Lotion tonique biologique ensemble de soins de la peau",
    "price": "16000.00",
    "stock": 50,
    "is_active": true,
    "is_featured": true,
    "category": 1,
    "created_at": "2025-07-11T12:28:11.437Z"
  }
},
{
  "model": "styles.productimage",
  "pk": 1,
  "fields": {
    "product": 1,
    "image": "product_images/Hcbe794c1f5fc4a5fbcbb7300b9b5b2d8Q_ieL9Ns4.jpg_720x720q50.avif",
    "is_main": false
  }
},
{
  "model": "styles.productimage",
  "pk": 2,
  "fields": {
    "product": 1,
    "image": "product_images/H4a533fa6c6ce429db912560c3040322bb_JytT4Rz.jpg_720x720q50.avif",
    "is_main": false
  }
},
{
  "model": "styles.productimage",
  "pk": 3,
  "fields": {
    "product": 1,
    "image": "product_images/H9e97ef0f15cb49d5894adb190b0951c8w_qnUHoLi.jpg_720x720q50.avif",
    "is_main": false
  }
},
{
  "model": "styles.productimage",
  "pk": 4,
  "fields": {
    "product": 1,
    "image": "product_images/Had6f25451a6843f88577d50f1bd00b40n_HZrwrS3.jpg_720x720q50.avif",
    "is_main": false
  }
},
{
  "model": "styles.productimage",
  "pk": 5,
  "fields": {
    "product": 1,
    "image": "product_images/He5a5c7cc7c2e44028aa045ed77d46075e_NGDKCfo.jpg_720x720q50.avif",
    "is_main": true
  }
},
{
  "model": "styles.productimage",
  "pk": 6,
  "fields": {
    "product": 2,
    "image": "product_images/Hc7e685f243464f838a2efec88ca7fc2a4.jpg",
    "is_main": false
  }
},
{
  "model": "styles.productimage",
  "pk": 7,
  "fields": {
    "product": 2,
    "image": "product_images/H27a1683fb8c64a369fd86132c9a48cbe8.jpg",
    "is_main": false
  }
},
{
  "model": "styles.productimage",
  "pk": 8,
  "fields": {
    "product": 2,
    "image": "product_images/Ha721749cb6fe48f2a8a3d016fa7edb05V.jpg",
    "is_main": false
  }
},
{
  "model": "styles.productimage",
  "pk": 9,
  "fields": {
    "product": 2,
    "image": "product_images/H2ab7689795cb4f0ca9691e7c54c299c7Z.jpg",
    "is_main": false
  }
},
{
  "model": "styles.productimage",
  "pk": 10,
  "fields": {
    "product": 2,
    "image": "product_images/Hd59ac26f64a74c87aa2606ee8fc1b0f3L.jpg",
    "is_main": true
  }
},
{
  "model": "styles.productimage",
  "pk": 11,
  "fields": {
    "product": 2,
    "image": "product_images/H6528a30bd1cc496599ffe8a3d1ba3740i.jpg",
    "is_main": false
  }
},
{
  "model": "styles.productimage",
  "pk": 12,
  "fields": {
    "product": 3,
    "image": "product_images/Hd0ecf8adb2aa4f52bc025e6b573cb5dcX.jpg",
    "is_main": true
  }
},
{
  "model": "styles.productimage",
  "pk": 13,
  "fields": {
    "product": 3,
    "image": "product_images/Ha4b546d35f1f48a7ba8633af8c1d9b3cK.jpg",
    "is_main": false
  }
},
{
  "model": "styles.productimage",
  "pk": 14,
  "fields": {
    "product": 3,
    "image": "product_images/H8c0beb926f4444ef92307b083fd6d3aaQ.jpg",
    "is_main": false
  }
},
{
  "model": "styles.productimage",
  "pk": 15,
  "fields": {
    "product": 3,
    "image": "product_images/Hce3a0d2b5ac046feb7bca2c7c904da1da.jpg",
    "is_main": false
  }
},
{
  "model": "styles.productimage",
  "pk": 16,
  "fields": {
    "product": 3,
    "image": "product_images/Hb1790fe3ac2d416c82bd7cd18b2b2e2dI.jpg",
    "is_main": false
  }
},
{
  "model": "styles.productimage",
  "pk": 17,
  "fields": {
    "product": 4,
    "image": "product_images/H060c2df0a60649f9b754bdcadfcbd96ai.jpg",
    "is_main": false
  }
},
{
  "model": "styles.productimage",
  "pk": 18,
  "fields": {
    "product": 4,
    "image": "product_images/H3d50961a16b449f58c3707bef193b26cV.jpg",
    "is_main": false
  }
},
{
  "model": "styles.productimage",
  "pk": 19,
  "fields": {
    "product": 4,
    "image": "product_images/Ha0a496e87a5a443d9935df37db56236bn.jpg",
    "is_main": false
  }
},
{
  "model": "styles.productimage",
  "pk": 20,
  "fields": {
    "product": 4,
    "image": "product_images/Hd89bd0a50ddb404dba9bc855a61fdbbbo.jpg",
    "is_main": false
  }
},
{
  "model": "styles.productimage",
  "pk": 21,
  "fields": {
    "product": 5,
    "image": "product_images/H5dbc66c3cba94b93952f2d4703d8bfffB.jpg",
    "is_main": false
  }
},
{
  "model": "styles.productimage",
  "pk": 22,
  "fields": {
    "product": 5,
    "image": "product_images/Hf2186b8d70b84d9bbe53a7b3b82a21c62.jpg",
    "is_main": false
  }
},
{
  "model": "styles.productimage",
  "pk": 23,
  "fields": {
    "product": 5,
    "image": "product_images/H08abb6ef8f8f44948b74fab0c258cd94U.jpg",
    "is_main": false
  }
},
{
  "model": "styles.productimage",
  "pk": 24,
  "fields": {
    "product": 5,
    "image": "product_images/Hc23aec56924b48e08709d8293b5214f6T.jpg_720x720q50.avif",
    "is_main": false
  }
},
{
  "model": "styles.productimage",
  "pk": 25,
  "fields": {
    "product": 6,
    "image": "product_images/H4f86ac7a79dc4919b6e4e8970184e9f6U.jpg",
    "is_main": true
  }
},
{
  "model": "styles.productimage",
  "pk": 26,
  "fields": {
    "product": 6,
    "image": "product_images/H6adf8f0eb6c74cdf80f980101c8f6d801.jpg",
    "is_main": false
  }
},
{
  "model": "styles.productimage",
  "pk": 27,
  "fields": {
    "product": 6,
    "image": "product_images/Ha8ded33fc4f44cf78c87ca927d5a0995E.jpg",
    "is_main": false
  }
},
{
  "model": "styles.productimage",
  "pk": 28,
  "fields": {
    "product": 6,
    "image": "product_images/H5d23c7ab48a14297a5599bb79d787eb3W.jpg",
    "is_main": false
  }
},
{
  "model": "styles.productimage",
  "pk": 29,
  "fields": {
    "product": 6,
    "image": "product_images/H189b1d23ab8441a39ab4ab531ef3bbc6a.jpg_720x720q50.avif",
    "is_main": false
  }
},
{
  "model": "styles.productimage",
  "pk": 30,
  "fields": {
    "product": 7,
    "image": "product_images/H6a7f136310b64596baf23ccdee06a282U.jpg",
    "is_main": true
  }
},
{
  "model": "styles.productimage",
  "pk": 31,
  "fields": {
    "product": 7,
    "image": "product_images/H3df062bfa5f846e086956164b6a7f8d5W.jpg",
    "is_main": false
  }
},
{
  "model": "styles.productimage",
  "pk": 32,
  "fields": {
    "product": 8,
    "image": "product_images/H8d4356d469164223b737fbfd7d7fc9733.avif",
    "is_main": false
  }
},
{
  "model": "styles.productimage",
  "pk": 33,
  "fields": {
    "product": 8,
    "image": "product_images/Hd9874c6e5cc7411eb46cda763195ea9fk.avif",
    "is_main": false
  }
},
{
  "model": "styles.productimage",
  "pk": 34,
  "fields": {
    "product": 8,
    "image": "product_images/H077a2495c0f7485cabeb54fed96741f8w.jpg",
    "is_main": false
  }
},
{
  "model": "styles.productimage",
  "pk": 35,
  "fields": {
    "product": 8,
    "image": "product_images/H0294d94639ce4a2a83f91e9ec6a777beA.jpg",
    "is_main": false
  }
},
{
  "model": "styles.productimage",
  "pk": 36,
  "fields": {
    "product": 8,
    "image": "product_images/Hf7d80c02559e4684803365075961bceaH.jpg",
    "is_main": false
  }
},
{
  "model": "styles.productimage",
  "pk": 37,
  "fields": {
    "product": 9,
    "image": "product_images/Hed45e9ef8d024cf89cebb7a7d865cb74B.jpg",
    "is_main": true
  }
},
{
  "model": "styles.productimage",
  "pk": 38,
  "fields": {
    "product": 9,
    "image": "product_images/Hb83f1a49282541a3be7eb5511cdc76abN.jpg",
    "is_main": false
  }
},
{
  "model": "styles.productimage",
  "pk": 39,
  "fields": {
    "product": 9,
    "image": "product_images/Hae63f22bdebd433f9240928141054dacQ.jpg",
    "is_main": false
  }
},
{
  "model": "styles.productimage",
  "pk": 40,
  "fields": {
    "product": 9,
    "image": "product_images/Hb0c124bd739d46daac15bcfe41ae94de7.jpg",
    "is_main": false
  }
},
{
  "model": "styles.productimage",
  "pk": 41,
  "fields": {
    "product": 9,
    "image": "product_images/H45995a8b414b40c481ef877f3087906b9.jpg",
    "is_main": false
  }
},
{
  "model": "styles.productimage",
  "pk": 42,
  "fields": {
    "product": 9,
    "image": "product_images/H850f44fc885946a28c780ff316b7e00fO.jpg",
    "is_main": false
  }
},
{
  "model": "styles.productimage",
  "pk": 43,
  "fields": {
    "product": 10,
    "image": "product_images/H9cec877003a243dc903045f4ea3d4ac0P.jpg",
    "is_main": true
  }
},
{
  "model": "styles.productimage",
  "pk": 44,
  "fields": {
    "product": 10,
    "image": "product_images/Hf7e60bc417f14fdf9614d9e8c28db211D.jpg",
    "is_main": false
  }
},
{
  "model": "styles.productimage",
  "pk": 45,
  "fields": {
    "product": 10,
    "image": "product_images/H1323713cf8434ab2b42037d3025367a6R.jpg",
    "is_main": false
  }
},
{
  "model": "styles.productimage",
  "pk": 46,
  "fields": {
    "product": 10,
    "image": "product_images/H5a54aa01960f4cada4a9fcf3d402b873y.jpg",
    "is_main": false
  }
},
{
  "model": "styles.productimage",
  "pk": 47,
  "fields": {
    "product": 10,
    "image": "product_images/H7fce24f989234f9392b3ea901ec642fcx.jpg",
    "is_main": false
  }
},
{
  "model": "styles.order",
  "pk": 1,
  "fields": {
    "product": 1,
    "name": "desdmon allemao assontia",
    "phone": "655990929",
    "address": "douala, ndogbong",
    "note": "",
    "created_at": "2025-07-10T23:05:32.269Z",
    "is_processed": false
  }
},
{
  "model": "styles.order",
  "pk": 2,
  "fields": {
    "product": 1,
    "name": "desdmon allemao assontia",
    "phone": "655990929",
    "address": "douala, ndogbong",
    "note": "",
    "created_at": "2025-07-10T23:15:57.984Z",
    "is_processed": false
  }
},
{
  "model": "styles.order",
  "pk": 3,
  "fields": {
    "product": 1,
    "name": "desdmon allemao assontia",
    "phone": "655990929",
    "address": "douala, ndogbong",
    "note": "",
    "created_at": "2025-07-10T23:17:15.967Z",
    "is_processed": false
  }
},
{
  "model": "styles.order",
  "pk": 4,
  "fields": {
    "product": 1,
    "name": "desdmon allemao assontia",
    "phone": "655990929",
    "address": "douala, ndogbong",
    "note": "",
    "created_at": "2025-07-10T23:22:35.271Z",
    "is_processed": false
  }
},
{
  "model": "styles.order",
  "pk": 5,
  "fields": {
    "product": 1,
    "name": "desdmon allemao assontia",
    "phone": "655990929",
    "address": "douala, ndogbong",
    "note": "",
    "created_at": "2025-07-10T23:23:53.854Z",
    "is_processed": false
  }
},
{
  "model": "styles.order",
  "pk": 6,
  "fields": {
    "product": 1,
    "name": "adora care styles",
    "phone": "655990929",
    "address": "marché mboppi\r\nmarché mboppi",
    "note": "",
    "created_at": "2025-07-10T23:25:36.085Z",
    "is_processed": false
  }
},
{
  "model": "styles.order",
  "pk": 7,
  "fields": {
    "product": 1,
    "name": "adora care styles",
    "phone": "655990929",
    "address": "marché mboppi\r\nmarché mboppi",
    "note": "",
    "created_at": "2025-07-10T23:40:46.770Z",
    "is_processed": false
  }
},
{
  "model": "styles.blogpost",
  "pk": 1,
  "fields": {
    "title": "Comment redonner vie à vos cheveux abîmés : astuces naturelles & efficaces",
    "slug": "comment-redonner-vie-a-vos-cheveux-abimes-astuces",
    "content": "Vous avez les cheveux secs, cassants ou ternes ? Pas de panique ! Chez Adora Care Style, nous savons qu’il est possible de réparer et nourrir vos cheveux grâce à des soins simples, naturels et adaptés à votre type de cheveu. Voici nos conseils pratiques pour leur redonner force et brillance.\r\n\r\n🔹 1. Évitez les agressions répétées\r\nLes fers à lisser, défrisages fréquents, colorations chimiques et shampoings trop agressifs abîment la fibre capillaire. Essayez de :\r\n\r\nRéduire la chaleur (sèche-cheveux, plaques)\r\n\r\nEspacer les traitements chimiques\r\n\r\nPrivilégier des produits sans sulfate ni paraben\r\n\r\n🔹 2. Adoptez un bain d’huile chaque semaine\r\nUn bon bain d’huile nourrit vos cheveux en profondeur. Appliquez sur les longueurs et laissez poser sous un bonnet chauffant :\r\n\r\nHuile de ricin (fortifiante)\r\n\r\nHuile de coco (hydratante)\r\n\r\nHuile d’avocat (réparatrice)\r\n\r\n👉 Astuce Adora : faites ce soin chaque week-end pour des résultats visibles en 3 semaines.\r\n\r\n🔹 3. Massez votre cuir chevelu\r\nLe massage active la circulation sanguine et stimule la pousse. Utilisez vos doigts ou une brosse spéciale et massez doucement pendant 5 minutes, 3 fois par semaine.\r\n\r\n🔹 4. Protégez vos cheveux la nuit\r\nDormir sans protection abîme les cheveux ! Utilisez un bonnet en satin, une taie d’oreiller douce ou des tresses protectrices pour éviter les frottements.\r\n\r\n🔹 5. Essayez nos produits réparateurs\r\nNotre sélection spéciale Adora Care Style pour cheveux abîmés :\r\n\r\nMasque réparateur au beurre de karité et miel\r\n\r\nHuile fortifiante Adora 100% naturelle\r\n\r\nSérum anti-casse à l’avocat\r\n\r\n👉 Livraison gratuite à Douala et Yaoundé 📦\r\n\r\n🔹 Conclusion :\r\nVos cheveux peuvent retrouver leur vitalité avec un peu de patience, de soin et les bons produits. Adoptez une routine simple, naturelle et régulière. Et pour tout conseil personnalisé, contactez-nous sur WhatsApp au +237 690 389 086 💬.",
    "image": "blog/images_5.jpg",
    "published_at": "2025-07-10T19:52:04.009Z",
    "is_published": true
  }
},
{
  "model": "styles.blogpost",
  "pk": 2,
  "fields": {
    "title": "Comment éliminer l’acné naturellement et retrouver une peau éclatante",
    "slug": "comment-eliminer-lacne-naturellement-et-retrouver",
    "content": "L’acné est un problème courant chez les femmes comme chez les hommes. Mais bonne nouvelle : avec les bons gestes et les bons produits, il est possible de purifier sa peau sans produits chimiques agressifs. Dans cet article, Adora Care Style vous livre ses astuces pour dire adieu aux boutons et retrouver un teint net.\r\n\r\n🔹 1. Nettoyez votre visage matin et soir\r\nLe premier réflexe anti-acné, c’est une bonne hygiène. Utilisez un nettoyant doux adapté à votre peau :\r\n\r\nÉvitez les savons trop parfumés ou décapants\r\n\r\nLavez votre visage matin et soir avec de l’eau tiède\r\n\r\nSéchez en tapotant avec une serviette propre (ne pas frotter !)\r\n\r\n👉 Astuce Adora : notre savon purifiant au charbon actif est idéal pour éliminer les impuretés et réguler le sébum.\r\n\r\n🔹 2. Utilisez un masque naturel chaque semaine\r\nLes masques purifiants sont vos alliés contre les points noirs et les boutons.\r\n\r\n🧖‍♀️ Recette maison efficace :\r\n\r\n1 cuillère d’argile verte\r\n\r\n1 cuillère d’eau de rose\r\n\r\nQuelques gouttes de jus de citron\r\n\r\nLaissez poser 10-15 minutes puis rincez.\r\n\r\n🔹 3. Hydratez, même si vous avez la peau grasse !\r\nBeaucoup de personnes avec de l’acné évitent la crème hydratante. ❌ Erreur !\r\nUne peau déshydratée produit encore plus de sébum.\r\n\r\n✅ Optez pour :\r\n\r\nUne crème légère sans huile\r\n\r\nUn gel d’aloe vera pur\r\n\r\nNotre crème Adora anti-acné enrichie en tea tree\r\n\r\n🔹 4. Attention à l’alimentation\r\nCe que vous mangez influence aussi votre peau !\r\nÉvitez :\r\n\r\nLe sucre en excès\r\n\r\nLes aliments trop gras ou trop épicés\r\n\r\nLes produits laitiers en grande quantité\r\n\r\nEt buvez au moins 1,5L d’eau par jour 💧.\r\n\r\n🔹 5. Ne touchez pas vos boutons\r\nMême si c’est tentant, ne percez pas les boutons ! Cela propage l’infection et laisse des tâches.\r\n\r\nUtilisez un traitement local comme :\r\n\r\nUne goutte d’huile essentielle de tea tree\r\n\r\nNotre sérum Adora anti-imperfections (à base de neem et d’acide salicylique)\r\n\r\n🔹 Conclusion :\r\nL’acné peut être maîtrisée avec une routine simple, naturelle et régulière. Adora Care Style vous propose des produits adaptés et une équipe prête à vous conseiller.\r\n\r\n📞 Contactez-nous pour une consultation gratuite sur WhatsApp au\r\n👉 +237 690 389 086",
    "image": "blog/peau-noire-acneique-nos-3-astuces-soin-du-visage-658292.webp",
    "published_at": "2025-07-10T20:22:01.483Z",
    "is_published": true
  }
},
{
  "model": "styles.blogpost",
  "pk": 3,
  "fields": {
    "title": "Comment sublimer un teint noir sans produits éclaircissants agressifs",
    "slug": "comment-sublimer-un-teint-noir-sans-produits-eclai",
    "content": "Le teint noir est naturellement beau, riche en mélanine et plein de charme. Mais à cause de la pollution, du soleil, du stress ou des mauvais produits, il peut devenir terne, irrégulier ou perdre son éclat. Chez Adora Care Style, nous croyons à la mise en valeur naturelle du teint, pas à son altération.\r\n\r\nVoici nos meilleurs conseils pour révéler l’éclat de votre peau noire ou mate, sans l’abîmer.\r\n\r\n🔹 1. Le nettoyage est la base d’un teint éclatant\r\nMatin et soir, nettoyez votre peau avec un produit doux, sans alcool, et non décapant :\r\n\r\n✅ Recommandé :\r\n\r\nSavon doux au moringa\r\n\r\nGel nettoyant au neem ou au charbon actif\r\n\r\nNotre savon Adora à base de citron, curcuma et aloe vera\r\n\r\n🔹 2. Exfoliez 2 fois par semaine maximum\r\nL’exfoliation élimine les cellules mortes qui ternissent le teint. Mais trop d’exfoliation = irritation.\r\n\r\n🧴 Recette maison exfoliante :\r\n\r\nSucre fin + miel + quelques gouttes de citron\r\n\r\nOu essayez notre gommage doux au café et karité, 100% naturel et adapté aux peaux foncées.\r\n\r\n🔹 3. Hydratez avec des huiles naturelles\r\nUne peau noire bien hydratée est lumineuse, souple et protégée des taches.\r\n\r\n🌿 Meilleures huiles pour peau noire :\r\n\r\nHuile de jojoba (régule le sébum)\r\n\r\nHuile d’avocat (nourrissante)\r\n\r\nHuile de carotte (bonne mine)\r\n\r\n👉 Notre sérum hydratant éclat Adora est un mélange de ces trois merveilles.\r\n\r\n🔹 4. Protégez-vous du soleil (même avec un teint foncé)\r\nOui, même les peaux noires ont besoin de protection solaire !\r\n\r\nChoisissez une crème SPF 30+ non grasse\r\n\r\nAppliquez-la surtout sur les joues et le front\r\n\r\nPortez un chapeau en journée si vous êtes souvent dehors\r\n\r\n🔹 5. Ne jamais utiliser de produits dépigmentants\r\nLes crèmes qui \"éclaircissent\" ou \"blanchissent\" la peau contiennent souvent de l’hydroquinone ou des stéroïdes dangereux.\r\n\r\n❌ Ces produits fragilisent la peau, provoquent des brûlures et des taches permanentes.\r\n\r\n✅ Privilégiez des soins qui unifient le teint naturellement et font ressortir votre éclat sans changer votre couleur de peau.\r\n\r\n🔹 Conclusion :\r\nLe teint noir est une fierté, pas un défaut à corriger. Avec les bons gestes et les bons produits, vous pouvez obtenir une peau douce, lumineuse, et harmonieuse — naturellement.\r\n\r\n💬 Besoin d’un diagnostic gratuit pour votre peau ?\r\n👉 Contactez Adora Care Style sur WhatsApp : +237 690 389 086",
    "image": "blog/routine-peau-metisse.webp",
    "published_at": "2025-07-10T20:23:57.521Z",
    "is_published": true
  }
},
{
  "model": "styles.blogpost",
  "pk": 4,
  "fields": {
    "title": "Comment choisir la bonne perruque pour sublimer votre visage et protéger vos cheveux naturels",
    "slug": "comment-choisir-la-bonne-perruque-pour-sublimer-vo",
    "content": "Les perruques ne sont pas seulement une tendance, elles sont devenues un véritable accessoire de beauté. Que ce soit pour protéger vos cheveux naturels, changer de style ou gagner du temps le matin, la bonne perruque peut totalement transformer votre look.\r\n\r\nMais comment choisir la bonne perruque selon son visage, ses goûts et son budget ? Adora Care Style vous guide.\r\n\r\n🔹 1. Pourquoi porter une perruque ?\r\n✅ Pour protéger les cheveux naturels contre la chaleur, les colorations et la pollution\r\n✅ Pour gagner du temps au quotidien\r\n✅ Pour varier de style sans engagement\r\n✅ Pour booster la confiance en soi\r\n\r\n🔹 2. Les différents types de perruques\r\nChez Adora Care Style, nous proposons plusieurs types de perruques pour tous les goûts et toutes les bourses :\r\n\r\n👸 Perruques naturelles (100% cheveux humains) : durables, personnalisables (lissage, coloration), effet ultra-naturel\r\n\r\n💁‍♀️ Perruques semi-naturelles : bon compromis qualité/prix, très populaires\r\n\r\n👩‍🦱 Perruques synthétiques de haute qualité : légères, abordables, faciles à coiffer\r\n\r\n🔹 3. Quelle perruque pour quelle forme de visage ?\r\n🔵 Visage rond : optez pour des perruques longues et dégradées (effet affiné)\r\n🔵 Visage ovale : vous pouvez tout porter (chanceuse !)\r\n🔵 Visage carré : préférez les coupes ondulées ou bouclées\r\n🔵 Visage allongé : privilégiez les volumes sur les côtés (boucles, frange)\r\n\r\n🔹 4. Comment entretenir sa perruque ?\r\n🧴 Pour qu’une perruque dure longtemps :\r\n\r\nLavez-la avec un shampooing doux (une fois toutes les 2 à 3 semaines)\r\n\r\nRangez-la sur un porte-perruque\r\n\r\nAppliquez un spray nourrissant ou un sérum adapté (évitez les huiles grasses sur les synthétiques)\r\n\r\n👉 Notre spray spécial Adora pour perruques est parfait pour l’entretien quotidien ✨\r\n\r\n🔹 5. Où acheter une perruque de qualité au Cameroun ?\r\nChez Adora Care Style, nous vous proposons :\r\n\r\nDes perruques naturelles 100% brésiliennes ou indiennes\r\n\r\nDes modèles sur-mesure selon votre taille et goût\r\n\r\nLa livraison à domicile dans tout le Cameroun 🇨🇲\r\n\r\nDes conseils personnalisés via WhatsApp\r\n\r\n📦 Garantie satisfaction ou échange sous 3 jours.\r\n\r\n🔹 Conclusion :\r\nChoisir une perruque, c’est investir dans votre image, votre bien-être et votre confiance. Avec les bons conseils, vous pouvez trouver la perruque parfaite pour vous sublimer naturellement.\r\n\r\n💬 Besoin d’aide pour choisir ?\r\n👉 Écrivez-nous sur WhatsApp : +237 690 389 086",
    "image": "blog/magasin-de-perruques-1024x640.webp",
    "published_at": "2025-07-10T20:29:25.288Z",
    "is_published": true
  }
},
{
  "model": "styles.testimonial",
  "pk": 1,
  "fields": {
    "name": "adora care styles",
    "message": "test",
    "rating": 5,
    "photo": "testimonials/Acne.webp",
    "created_at": "2025-07-10T21:58:53.161Z",
    "is_approved": true
  }
},
{
  "model": "styles.productreview",
  "pk": 1,
  "fields": {
    "product": 1,
    "name": "adora care styles",
    "rating": 4,
    "comment": "test",
    "created_at": "2025-07-10T21:03:45.426Z",
    "is_approved": true
  }
},
{
  "model": "auth.permission",
  "fields": {
    "name": "Can add log entry",
    "content_type": [
      "admin",
      "logentry"
    ],
    "codename": "add_logentry"
  }
},
{
  "model": "auth.permission",
  "fields": {
    "name": "Can change log entry",
    "content_type": [
      "admin",
      "logentry"
    ],
    "codename": "change_logentry"
  }
},
{
  "model": "auth.permission",
  "fields": {
    "name": "Can delete log entry",
    "content_type": [
      "admin",
      "logentry"
    ],
    "codename": "delete_logentry"
  }
},
{
  "model": "auth.permission",
  "fields": {
    "name": "Can view log entry",
    "content_type": [
      "admin",
      "logentry"
    ],
    "codename": "view_logentry"
  }
},
{
  "model": "auth.permission",
  "fields": {
    "name": "Can add permission",
    "content_type": [
      "auth",
      "permission"
    ],
    "codename": "add_permission"
  }
},
{
  "model": "auth.permission",
  "fields": {
    "name": "Can change permission",
    "content_type": [
      "auth",
      "permission"
    ],
    "codename": "change_permission"
  }
},
{
  "model": "auth.permission",
  "fields": {
    "name": "Can delete permission",
    "content_type": [
      "auth",
      "permission"
    ],
    "codename": "delete_permission"
  }
},
{
  "model": "auth.permission",
  "fields": {
    "name": "Can view permission",
    "content_type": [
      "auth",
      "permission"
    ],
    "codename": "view_permission"
  }
},
{
  "model": "auth.permission",
  "fields": {
    "name": "Can add group",
    "content_type": [
      "auth",
      "group"
    ],
    "codename": "add_group"
  }
},
{
  "model": "auth.permission",
  "fields": {
    "name": "Can change group",
    "content_type": [
      "auth",
      "group"
    ],
    "codename": "change_group"
  }
},
{
  "model": "auth.permission",
  "fields": {
    "name": "Can delete group",
    "content_type": [
      "auth",
      "group"
    ],
    "codename": "delete_group"
  }
},
{
  "model": "auth.permission",
  "fields": {
    "name": "Can view group",
    "content_type": [
      "auth",
      "group"
    ],
    "codename": "view_group"
  }
},
{
  "model": "auth.permission",
  "fields": {
    "name": "Can add user",
    "content_type": [
      "auth",
      "user"
    ],
    "codename": "add_user"
  }
},
{
  "model": "auth.permission",
  "fields": {
    "name": "Can change user",
    "content_type": [
      "auth",
      "user"
    ],
    "codename": "change_user"
  }
},
{
  "model": "auth.permission",
  "fields": {
    "name": "Can delete user",
    "content_type": [
      "auth",
      "user"
    ],
    "codename": "delete_user"
  }
},
{
  "model": "auth.permission",
  "fields": {
    "name": "Can view user",
    "content_type": [
      "auth",
      "user"
    ],
    "codename": "view_user"
  }
},
{
  "model": "auth.permission",
  "fields": {
    "name": "Can add content type",
    "content_type": [
      "contenttypes",
      "contenttype"
    ],
    "codename": "add_contenttype"
  }
},
{
  "model": "auth.permission",
  "fields": {
    "name": "Can change content type",
    "content_type": [
      "contenttypes",
      "contenttype"
    ],
    "codename": "change_contenttype"
  }
},
{
  "model": "auth.permission",
  "fields": {
    "name": "Can delete content type",
    "content_type": [
      "contenttypes",
      "contenttype"
    ],
    "codename": "delete_contenttype"
  }
},
{
  "model": "auth.permission",
  "fields": {
    "name": "Can view content type",
    "content_type": [
      "contenttypes",
      "contenttype"
    ],
    "codename": "view_contenttype"
  }
},
{
  "model": "auth.permission",
  "fields": {
    "name": "Can add session",
    "content_type": [
      "sessions",
      "session"
    ],
    "codename": "add_session"
  }
},
{
  "model": "auth.permission",
  "fields": {
    "name": "Can change session",
    "content_type": [
      "sessions",
      "session"
    ],
    "codename": "change_session"
  }
},
{
  "model": "auth.permission",
  "fields": {
    "name": "Can delete session",
    "content_type": [
      "sessions",
      "session"
    ],
    "codename": "delete_session"
  }
},
{
  "model": "auth.permission",
  "fields": {
    "name": "Can view session",
    "content_type": [
      "sessions",
      "session"
    ],
    "codename": "view_session"
  }
},
{
  "model": "auth.permission",
  "fields": {
    "name": "Can add category",
    "content_type": [
      "styles",
      "category"
    ],
    "codename": "add_category"
  }
},
{
  "model": "auth.permission",
  "fields": {
    "name": "Can change category",
    "content_type": [
      "styles",
      "category"
    ],
    "codename": "change_category"
  }
},
{
  "model": "auth.permission",
  "fields": {
    "name": "Can delete category",
    "content_type": [
      "styles",
      "category"
    ],
    "codename": "delete_category"
  }
},
{
  "model": "auth.permission",
  "fields": {
    "name": "Can view category",
    "content_type": [
      "styles",
      "category"
    ],
    "codename": "view_category"
  }
},
{
  "model": "auth.permission",
  "fields": {
    "name": "Can add product",
    "content_type": [
      "styles",
      "product"
    ],
    "codename": "add_product"
  }
},
{
  "model": "auth.permission",
  "fields": {
    "name": "Can change product",
    "content_type": [
      "styles",
      "product"
    ],
    "codename": "change_product"
  }
},
{
  "model": "auth.permission",
  "fields": {
    "name": "Can delete product",
    "content_type": [
      "styles",
      "product"
    ],
    "codename": "delete_product"
  }
},
{
  "model": "auth.permission",
  "fields": {
    "name": "Can view product",
    "content_type": [
      "styles",
      "product"
    ],
    "codename": "view_product"
  }
},
{
  "model": "auth.permission",
  "fields": {
    "name": "Can add product image",
    "content_type": [
      "styles",
      "productimage"
    ],
    "codename": "add_productimage"
  }
},
{
  "model": "auth.permission",
  "fields": {
    "name": "Can change product image",
    "content_type": [
      "styles",
      "productimage"
    ],
    "codename": "change_productimage"
  }
},
{
  "model": "auth.permission",
  "fields": {
    "name": "Can delete product image",
    "content_type": [
      "styles",
      "productimage"
    ],
    "codename": "delete_productimage"
  }
},
{
  "model": "auth.permission",
  "fields": {
    "name": "Can view product image",
    "content_type": [
      "styles",
      "productimage"
    ],
    "codename": "view_productimage"
  }
},
{
  "model": "auth.permission",
  "fields": {
    "name": "Can add order",
    "content_type": [
      "styles",
      "order"
    ],
    "codename": "add_order"
  }
},
{
  "model": "auth.permission",
  "fields": {
    "name": "Can change order",
    "content_type": [
      "styles",
      "order"
    ],
    "codename": "change_order"
  }
},
{
  "model": "auth.permission",
  "fields": {
    "name": "Can delete order",
    "content_type": [
      "styles",
      "order"
    ],
    "codename": "delete_order"
  }
},
{
  "model": "auth.permission",
  "fields": {
    "name": "Can view order",
    "content_type": [
      "styles",
      "order"
    ],
    "codename": "view_order"
  }
},
{
  "model": "auth.permission",
  "fields": {
    "name": "Can add blog post",
    "content_type": [
      "styles",
      "blogpost"
    ],
    "codename": "add_blogpost"
  }
},
{
  "model": "auth.permission",
  "fields": {
    "name": "Can change blog post",
    "content_type": [
      "styles",
      "blogpost"
    ],
    "codename": "change_blogpost"
  }
},
{
  "model": "auth.permission",
  "fields": {
    "name": "Can delete blog post",
    "content_type": [
      "styles",
      "blogpost"
    ],
    "codename": "delete_blogpost"
  }
},
{
  "model": "auth.permission",
  "fields": {
    "name": "Can view blog post",
    "content_type": [
      "styles",
      "blogpost"
    ],
    "codename": "view_blogpost"
  }
},
{
  "model": "auth.permission",
  "fields": {
    "name": "Can add testimonial",
    "content_type": [
      "styles",
      "testimonial"
    ],
    "codename": "add_testimonial"
  }
},
{
  "model": "auth.permission",
  "fields": {
    "name": "Can change testimonial",
    "content_type": [
      "styles",
      "testimonial"
    ],
    "codename": "change_testimonial"
  }
},
{
  "model": "auth.permission",
  "fields": {
    "name": "Can delete testimonial",
    "content_type": [
      "styles",
      "testimonial"
    ],
    "codename": "delete_testimonial"
  }
},
{
  "model": "auth.permission",
  "fields": {
    "name": "Can view testimonial",
    "content_type": [
      "styles",
      "testimonial"
    ],
    "codename": "view_testimonial"
  }
},
{
  "model": "auth.permission",
  "fields": {
    "name": "Can add product review",
    "content_type": [
      "styles",
      "productreview"
    ],
    "codename": "add_productreview"
  }
},
{
  "model": "auth.permission",
  "fields": {
    "name": "Can change product review",
    "content_type": [
      "styles",
      "productreview"
    ],
    "codename": "change_productreview"
  }
},
{
  "model": "auth.permission",
  "fields": {
    "name": "Can delete product review",
    "content_type": [
      "styles",
      "productreview"
    ],
    "codename": "delete_productreview"
  }
},
{
  "model": "auth.permission",
  "fields": {
    "name": "Can view product review",
    "content_type": [
      "styles",
      "productreview"
    ],
    "codename": "view_productreview"
  }
},
{
  "model": "auth.permission",
  "fields": {
    "name": "Can add bookmark",
    "content_type": [
      "jet",
      "bookmark"
    ],
    "codename": "add_bookmark"
  }
},
{
  "model": "auth.permission",
  "fields": {
    "name": "Can change bookmark",
    "content_type": [
      "jet",
      "bookmark"
    ],
    "codename": "change_bookmark"
  }
},
{
  "model": "auth.permission",
  "fields": {
    "name": "Can delete bookmark",
    "content_type": [
      "jet",
      "bookmark"
    ],
    "codename": "delete_bookmark"
  }
},
{
  "model": "auth.permission",
  "fields": {
    "name": "Can view bookmark",
    "content_type": [
      "jet",
      "bookmark"
    ],
    "codename": "view_bookmark"
  }
},
{
  "model": "auth.permission",
  "fields": {
    "name": "Can add pinned application",
    "content_type": [
      "jet",
      "pinnedapplication"
    ],
    "codename": "add_pinnedapplication"
  }
},
{
  "model": "auth.permission",
  "fields": {
    "name": "Can change pinned application",
    "content_type": [
      "jet",
      "pinnedapplication"
    ],
    "codename": "change_pinnedapplication"
  }
},
{
  "model": "auth.permission",
  "fields": {
    "name": "Can delete pinned application",
    "content_type": [
      "jet",
      "pinnedapplication"
    ],
    "codename": "delete_pinnedapplication"
  }
},
{
  "model": "auth.permission",
  "fields": {
    "name": "Can view pinned application",
    "content_type": [
      "jet",
      "pinnedapplication"
    ],
    "codename": "view_pinnedapplication"
  }
},
{
  "model": "auth.permission",
  "fields": {
    "name": "Can add produit",
    "content_type": [
      "recommandation",
      "produit"
    ],
    "codename": "add_produit"
  }
},
{
  "model": "auth.permission",
  "fields": {
    "name": "Can change produit",
    "content_type": [
      "recommandation",
      "produit"
    ],
    "codename": "change_produit"
  }
},
{
  "model": "auth.permission",
  "fields": {
    "name": "Can delete produit",
    "content_type": [
      "recommandation",
      "produit"
    ],
    "codename": "delete_produit"
  }
},
{
  "model": "auth.permission",
  "fields": {
    "name": "Can view produit",
    "content_type": [
      "recommandation",
      "produit"
    ],
    "codename": "view_produit"
  }
},
{
  "model": "auth.permission",
  "fields": {
    "name": "Can add recommandation",
    "content_type": [
      "recommandation",
      "recommandation"
    ],
    "codename": "add_recommandation"
  }
},
{
  "model": "auth.permission",
  "fields": {
    "name": "Can change recommandation",
    "content_type": [
      "recommandation",
      "recommandation"
    ],
    "codename": "change_recommandation"
  }
},
{
  "model": "auth.permission",
  "fields": {
    "name": "Can delete recommandation",
    "content_type": [
      "recommandation",
      "recommandation"
    ],
    "codename": "delete_recommandation"
  }
},
{
  "model": "auth.permission",
  "fields": {
    "name": "Can view recommandation",
    "content_type": [
      "recommandation",
      "recommandation"
    ],
    "codename": "view_recommandation"
  }
},
{
  "model": "auth.permission",
  "fields": {
    "name": "Can add utilisatrice",
    "content_type": [
      "recommandation",
      "utilisatrice"
    ],
    "codename": "add_utilisatrice"
  }
},
{
  "model": "auth.permission",
  "fields": {
    "name": "Can change utilisatrice",
    "content_type": [
      "recommandation",
      "utilisatrice"
    ],
    "codename": "change_utilisatrice"
  }
},
{
  "model": "auth.permission",
  "fields": {
    "name": "Can delete utilisatrice",
    "content_type": [
      "recommandation",
      "utilisatrice"
    ],
    "codename": "delete_utilisatrice"
  }
},
{
  "model": "auth.permission",
  "fields": {
    "name": "Can view utilisatrice",
    "content_type": [
      "recommandation",
      "utilisatrice"
    ],
    "codename": "view_utilisatrice"
  }
},
{
  "model": "auth.user",
  "fields": {
    "password": "pbkdf2_sha256$1000000$PU3fNL2sHPVmfJzkbOsFwA$bZiTfmhehsEaK2lx8pN3bQDwRtZSUxQqi9eGYpaZxfo=",
    "last_login": "2025-07-10T13:21:43.288Z",
    "is_superuser": true,
    "username": "adora",
    "first_name": "",
    "last_name": "",
    "email": "",
    "is_staff": true,
    "is_active": true,
    "date_joined": "2025-07-10T13:21:28.877Z",
    "groups": [],
    "user_permissions": []
  }
},
{
  "model": "admin.logentry",
  "pk": 1,
  "fields": {
    "action_time": "2025-07-10T13:22:11.553Z",
    "user": [
      "adora"
    ],
    "content_type": [
      "styles",
      "category"
    ],
    "object_id": "1",
    "object_repr": "cosmetique",
    "action_flag": 1,
    "change_message": "[{\"added\": {}}]"
  }
},
{
  "model": "admin.logentry",
  "pk": 2,
  "fields": {
    "action_time": "2025-07-10T13:22:31.867Z",
    "user": [
      "adora"
    ],
    "content_type": [
      "styles",
      "category"
    ],
    "object_id": "2",
    "object_repr": "capillaires",
    "action_flag": 1,
    "change_message": "[{\"added\": {}}]"
  }
},
{
  "model": "admin.logentry",
  "pk": 3,
  "fields": {
    "action_time": "2025-07-10T13:24:14.262Z",
    "user": [
      "adora"
    ],
    "content_type": [
      "styles",
      "product"
    ],
    "object_id": "1",
    "object_repr": "jojo love",
    "action_flag": 1,
    "change_message": "[{\"added\": {}}, {\"added\": {\"name\": \"product image\", \"object\": \"jojo love - secondaire\"}}, {\"added\": {\"name\": \"product image\", \"object\": \"jojo love - secondaire\"}}, {\"added\": {\"name\": \"product image\", \"object\": \"jojo love - secondaire\"}}, {\"added\": {\"name\": \"product image\", \"object\": \"jojo love - secondaire\"}}, {\"added\": {\"name\": \"product image\", \"object\": \"jojo love - PRINCIPALE\"}}]"
  }
},
{
  "model": "admin.logentry",
  "pk": 4,
  "fields": {
    "action_time": "2025-07-10T19:52:04.010Z",
    "user": [
      "adora"
    ],
    "content_type": [
      "styles",
      "blogpost"
    ],
    "object_id": "1",
    "object_repr": "Comment redonner vie à vos cheveux abîmés : astuces naturelles & efficaces",
    "action_flag": 1,
    "change_message": "[{\"added\": {}}]"
  }
},
{
  "model": "admin.logentry",
  "pk": 5,
  "fields": {
    "action_time": "2025-07-10T20:22:01.484Z",
    "user": [
      "adora"
    ],
    "content_type": [
      "styles",
      "blogpost"
    ],
    "object_id": "2",
    "object_repr": "Comment éliminer l’acné naturellement et retrouver une peau éclatante",
    "action_flag": 1,
    "change_message": "[{\"added\": {}}]"
  }
},
{
  "model": "admin.logentry",
  "pk": 6,
  "fields": {
    "action_time": "2025-07-10T20:23:57.522Z",
    "user": [
      "adora"
    ],
    "content_type": [
      "styles",
      "blogpost"
    ],
    "object_id": "3",
    "object_repr": "Comment sublimer un teint noir sans produits éclaircissants agressifs",
    "action_flag": 1,
    "change_message": "[{\"added\": {}}]"
  }
},
{
  "model": "admin.logentry",
  "pk": 7,
  "fields": {
    "action_time": "2025-07-10T20:29:25.290Z",
    "user": [
      "adora"
    ],
    "content_type": [
      "styles",
      "blogpost"
    ],
    "object_id": "4",
    "object_repr": "Comment choisir la bonne perruque pour sublimer votre visage et protéger vos cheveux naturels",
    "action_flag": 1,
    "change_message": "[{\"added\": {}}]"
  }
},
{
  "model": "admin.logentry",
  "pk": 8,
  "fields": {
    "action_time": "2025-07-10T21:04:10.173Z",
    "user": [
      "adora"
    ],
    "content_type": [
      "styles",
      "productreview"
    ],
    "object_id": "1",
    "object_repr": "jojo love - 4★",
    "action_flag": 2,
    "change_message": "[{\"changed\": {\"fields\": [\"Is approved\"]}}]"
  }
},
{
  "model": "admin.logentry",
  "pk": 9,
  "fields": {
    "action_time": "2025-07-10T21:58:53.163Z",
    "user": [
      "adora"
    ],
    "content_type": [
      "styles",
      "testimonial"
    ],
    "object_id": "1",
    "object_repr": "adora care styles (5★)",
    "action_flag": 1,
    "change_message": "[{\"added\": {}}]"
  }
},
{
  "model": "admin.logentry",
  "pk": 10,
  "fields": {
    "action_time": "2025-07-11T08:49:54.113Z",
    "user": [
      "adora"
    ],
    "content_type": [
      "styles",
      "product"
    ],
    "object_id": "2",
    "object_repr": "DIWEI | HAIR OIL (Huile de repousse des cheveux au romarin)",
    "action_flag": 1,
    "change_message": "[{\"added\": {}}]"
  }
},
{
  "model": "admin.logentry",
  "pk": 11,
  "fields": {
    "action_time": "2025-07-11T08:51:47.713Z",
    "user": [
      "adora"
    ],
    "content_type": [
      "styles",
      "product"
    ],
    "object_id": "2",
    "object_repr": "DIWEI | HAIR OIL (Huile de repousse des cheveux au romarin)",
    "action_flag": 2,
    "change_message": "[{\"added\": {\"name\": \"product image\", \"object\": \"DIWEI | HAIR OIL (Huile de repousse des cheveux au romarin) - secondaire\"}}, {\"added\": {\"name\": \"product image\", \"object\": \"DIWEI | HAIR OIL (Huile de repousse des cheveux au romarin) - secondaire\"}}, {\"added\": {\"name\": \"product image\", \"object\": \"DIWEI | HAIR OIL (Huile de repousse des cheveux au romarin) - secondaire\"}}, {\"added\": {\"name\": \"product image\", \"object\": \"DIWEI | HAIR OIL (Huile de repousse des cheveux au romarin) - secondaire\"}}, {\"added\": {\"name\": \"product image\", \"object\": \"DIWEI | HAIR OIL (Huile de repousse des cheveux au romarin) - PRINCIPALE\"}}, {\"added\": {\"name\": \"product image\", \"object\": \"DIWEI | HAIR OIL (Huile de repousse des cheveux au romarin) - secondaire\"}}]"
  }
},
{
  "model": "admin.logentry",
  "pk": 12,
  "fields": {
    "action_time": "2025-07-11T08:55:05.894Z",
    "user": [
      "adora"
    ],
    "content_type": [
      "styles",
      "product"
    ],
    "object_id": "2",
    "object_repr": "DIWEI | HAIR OIL (Huile de repousse des cheveux au romarin)",
    "action_flag": 2,
    "change_message": "[]"
  }
},
{
  "model": "admin.logentry",
  "pk": 13,
  "fields": {
    "action_time": "2025-07-11T08:55:11.564Z",
    "user": [
      "adora"
    ],
    "content_type": [
      "styles",
      "product"
    ],
    "object_id": "2",
    "object_repr": "DIWEI | HAIR OIL (Huile de repousse des cheveux au romarin)",
    "action_flag": 2,
    "change_message": "[]"
  }
},
{
  "model": "admin.logentry",
  "pk": 14,
  "fields": {
    "action_time": "2025-07-11T08:55:42.358Z",
    "user": [
      "adora"
    ],
    "content_type": [
      "styles",
      "product"
    ],
    "object_id": "2",
    "object_repr": "DIWEI | Huile de repousse des cheveux au romarin",
    "action_flag": 2,
    "change_message": "[{\"changed\": {\"fields\": [\"Name\"]}}]"
  }
},
{
  "model": "admin.logentry",
  "pk": 15,
  "fields": {
    "action_time": "2025-07-11T08:56:27.320Z",
    "user": [
      "adora"
    ],
    "content_type": [
      "styles",
      "product"
    ],
    "object_id": "2",
    "object_repr": "Huile de repousse des cheveux au romarin",
    "action_flag": 2,
    "change_message": "[{\"changed\": {\"fields\": [\"Name\"]}}]"
  }
},
{
  "model": "admin.logentry",
  "pk": 16,
  "fields": {
    "action_time": "2025-07-11T08:57:50.646Z",
    "user": [
      "adora"
    ],
    "content_type": [
      "styles",
      "product"
    ],
    "object_id": "2",
    "object_repr": "DIWEI |Huile de repousse des cheveux au romarin",
    "action_flag": 2,
    "change_message": "[{\"changed\": {\"fields\": [\"Name\"]}}]"
  }
},
{
  "model": "admin.logentry",
  "pk": 17,
  "fields": {
    "action_time": "2025-07-11T09:07:04.653Z",
    "user": [
      "adora"
    ],
    "content_type": [
      "styles",
      "product"
    ],
    "object_id": "3",
    "object_repr": "Huile essentielle anti-chute",
    "action_flag": 1,
    "change_message": "[{\"added\": {}}]"
  }
},
{
  "model": "admin.logentry",
  "pk": 18,
  "fields": {
    "action_time": "2025-07-11T09:13:42.664Z",
    "user": [
      "adora"
    ],
    "content_type": [
      "styles",
      "product"
    ],
    "object_id": "3",
    "object_repr": "Huile essentielle anti-chute",
    "action_flag": 2,
    "change_message": "[{\"added\": {\"name\": \"product image\", \"object\": \"Huile essentielle anti-chute - PRINCIPALE\"}}, {\"added\": {\"name\": \"product image\", \"object\": \"Huile essentielle anti-chute - secondaire\"}}, {\"added\": {\"name\": \"product image\", \"object\": \"Huile essentielle anti-chute - secondaire\"}}, {\"added\": {\"name\": \"product image\", \"object\": \"Huile essentielle anti-chute - secondaire\"}}, {\"added\": {\"name\": \"product image\", \"object\": \"Huile essentielle anti-chute - secondaire\"}}]"
  }
},
{
  "model": "admin.logentry",
  "pk": 19,
  "fields": {
    "action_time": "2025-07-11T09:24:04.330Z",
    "user": [
      "adora"
    ],
    "content_type": [
      "styles",
      "product"
    ],
    "object_id": "4",
    "object_repr": "OEM ODM SADOER",
    "action_flag": 1,
    "change_message": "[{\"added\": {}}]"
  }
},
{
  "model": "admin.logentry",
  "pk": 20,
  "fields": {
    "action_time": "2025-07-11T09:24:55.747Z",
    "user": [
      "adora"
    ],
    "content_type": [
      "styles",
      "product"
    ],
    "object_id": "4",
    "object_repr": "OEM ODM SADOER",
    "action_flag": 2,
    "change_message": "[{\"added\": {\"name\": \"product image\", \"object\": \"OEM ODM SADOER - secondaire\"}}, {\"added\": {\"name\": \"product image\", \"object\": \"OEM ODM SADOER - secondaire\"}}, {\"added\": {\"name\": \"product image\", \"object\": \"OEM ODM SADOER - secondaire\"}}, {\"added\": {\"name\": \"product image\", \"object\": \"OEM ODM SADOER - secondaire\"}}]"
  }
},
{
  "model": "admin.logentry",
  "pk": 21,
  "fields": {
    "action_time": "2025-07-11T09:49:13.564Z",
    "user": [
      "adora"
    ],
    "content_type": [
      "styles",
      "product"
    ],
    "object_id": "5",
    "object_repr": "Kératine",
    "action_flag": 1,
    "change_message": "[{\"added\": {}}]"
  }
},
{
  "model": "admin.logentry",
  "pk": 22,
  "fields": {
    "action_time": "2025-07-11T09:49:50.279Z",
    "user": [
      "adora"
    ],
    "content_type": [
      "styles",
      "product"
    ],
    "object_id": "5",
    "object_repr": "Kératine",
    "action_flag": 2,
    "change_message": "[{\"added\": {\"name\": \"product image\", \"object\": \"K\\u00e9ratine - secondaire\"}}, {\"added\": {\"name\": \"product image\", \"object\": \"K\\u00e9ratine - secondaire\"}}, {\"added\": {\"name\": \"product image\", \"object\": \"K\\u00e9ratine - secondaire\"}}, {\"added\": {\"name\": \"product image\", \"object\": \"K\\u00e9ratine - secondaire\"}}]"
  }
},
{
  "model": "admin.logentry",
  "pk": 23,
  "fields": {
    "action_time": "2025-07-11T11:29:23.221Z",
    "user": [
      "adora"
    ],
    "content_type": [
      "styles",
      "product"
    ],
    "object_id": "6",
    "object_repr": "Ensemble de soins capillaires au collagène",
    "action_flag": 1,
    "change_message": "[{\"added\": {}}, {\"added\": {\"name\": \"product image\", \"object\": \"Ensemble de soins capillaires au collag\\u00e8ne - PRINCIPALE\"}}, {\"added\": {\"name\": \"product image\", \"object\": \"Ensemble de soins capillaires au collag\\u00e8ne - secondaire\"}}, {\"added\": {\"name\": \"product image\", \"object\": \"Ensemble de soins capillaires au collag\\u00e8ne - secondaire\"}}, {\"added\": {\"name\": \"product image\", \"object\": \"Ensemble de soins capillaires au collag\\u00e8ne - secondaire\"}}, {\"added\": {\"name\": \"product image\", \"object\": \"Ensemble de soins capillaires au collag\\u00e8ne - secondaire\"}}]"
  }
},
{
  "model": "admin.logentry",
  "pk": 24,
  "fields": {
    "action_time": "2025-07-11T11:45:24.912Z",
    "user": [
      "adora"
    ],
    "content_type": [
      "styles",
      "product"
    ],
    "object_id": "7",
    "object_repr": "hair mayonnaise",
    "action_flag": 1,
    "change_message": "[{\"added\": {}}, {\"added\": {\"name\": \"product image\", \"object\": \"hair mayonnaise - PRINCIPALE\"}}, {\"added\": {\"name\": \"product image\", \"object\": \"hair mayonnaise - secondaire\"}}]"
  }
},
{
  "model": "admin.logentry",
  "pk": 25,
  "fields": {
    "action_time": "2025-07-11T11:52:29.923Z",
    "user": [
      "adora"
    ],
    "content_type": [
      "styles",
      "product"
    ],
    "object_id": "8",
    "object_repr": "Olive oil",
    "action_flag": 1,
    "change_message": "[{\"added\": {}}, {\"added\": {\"name\": \"product image\", \"object\": \"Olive oil - secondaire\"}}, {\"added\": {\"name\": \"product image\", \"object\": \"Olive oil - secondaire\"}}, {\"added\": {\"name\": \"product image\", \"object\": \"Olive oil - secondaire\"}}, {\"added\": {\"name\": \"product image\", \"object\": \"Olive oil - secondaire\"}}, {\"added\": {\"name\": \"product image\", \"object\": \"Olive oil - secondaire\"}}]"
  }
},
{
  "model": "admin.logentry",
  "pk": 26,
  "fields": {
    "action_time": "2025-07-11T12:20:11.185Z",
    "user": [
      "adora"
    ],
    "content_type": [
      "styles",
      "product"
    ],
    "object_id": "9",
    "object_repr": "Karseell Shampooing",
    "action_flag": 1,
    "change_message": "[{\"added\": {}}, {\"added\": {\"name\": \"product image\", \"object\": \"Karseell Shampooing - PRINCIPALE\"}}, {\"added\": {\"name\": \"product image\", \"object\": \"Karseell Shampooing - secondaire\"}}, {\"added\": {\"name\": \"product image\", \"object\": \"Karseell Shampooing - secondaire\"}}, {\"added\": {\"name\": \"product image\", \"object\": \"Karseell Shampooing - secondaire\"}}, {\"added\": {\"name\": \"product image\", \"object\": \"Karseell Shampooing - secondaire\"}}, {\"added\": {\"name\": \"product image\", \"object\": \"Karseell Shampooing - secondaire\"}}]"
  }
},
{
  "model": "admin.logentry",
  "pk": 27,
  "fields": {
    "action_time": "2025-07-11T12:28:11.443Z",
    "user": [
      "adora"
    ],
    "content_type": [
      "styles",
      "product"
    ],
    "object_id": "10",
    "object_repr": "SADOER Kit de soins de la peau",
    "action_flag": 1,
    "change_message": "[{\"added\": {}}, {\"added\": {\"name\": \"product image\", \"object\": \"SADOER Kit de soins de la peau - PRINCIPALE\"}}, {\"added\": {\"name\": \"product image\", \"object\": \"SADOER Kit de soins de la peau - secondaire\"}}, {\"added\": {\"name\": \"product image\", \"object\": \"SADOER Kit de soins de la peau - secondaire\"}}, {\"added\": {\"name\": \"product image\", \"object\": \"SADOER Kit de soins de la peau - secondaire\"}}, {\"added\": {\"name\": \"product image\", \"object\": \"SADOER Kit de soins de la peau - secondaire\"}}]"
  }
}
]
